{"cameraMode":{"drawMode":0,"name":"Shaded","section":"Shading Mode"},"sceneLighting":true,"audioPlay":false,"sceneViewState":{"showFog":true,"showMaterialUpdate":false,"showSkybox":true,"showFlares":true,"showImageEffects":true,"showParticleSystems":true},"in2DMode":false,"pivot":{"x":-4.151303291320801,"y":-2.9012837409973146,"z":5.303448677062988},"rotation":{"x":0.18731100857257844,"y":-0.20891109108924867,"z":0.04080600291490555,"w":0.9589613080024719},"size":15.754463195800782,"orthographic":false}